Workbook

Sheet Raw_Data
A1: candidate_id | B1: department | C1: role_level | D1: source | E1: recruiter | F1: hiring_manager | G1: location | H1: work_mode | I1: gender | J1: application_date | K1: screening_date | L1: interview_date | M1: offer_date | N1: joining_date | O1: passed_screening | P1: passed_interview | Q1: got_offer | R1: accepted_offer | S1: candidate_dropout | T1: candidate_status | U1: interview_score | V1: time_to_hire_days | W1: experience_years | X1: salary_offered | Y1: offer_rejection_reason
A2: C1001 | B2: Sales | C2: Junior | D2: Naukri | E2: Priya S | F2: Simran Gill | G2: Pune | H2: Onsite | I2: Male | J2: 45222 | K2: 45223 | L2: 45232 | M2: 45238 | N2: 45239 | O2: 1 | P2: 0 | Q2: 0 | R2: 0 | S2: 0 | T2: Interview Rejected | U2: 71 | W2: 0
A3: C1002 | B3: Operations | C3: Analyst | D3: Naukri | E3: Priya S | F3: Kunal Shah | G3: Delhi | H3: Hybrid | I3: Female | J3: 44967 | K3: 44971 | L3: 44981 | M3: 44988 | N3: 44983 | O3: 1 | P3: 1 | Q3: 0 | R3: 0 | S3: 1 | T3: Interview Rejected | U3: 90 | W3: 1
A4: C1003 | B4: Marketing | C4: Analyst | D4: Referral | E4: Priya S | F4: Kunal Shah | G4: Mumbai | H4: Onsite | I4: Male | J4: 45044 | K4: 45046 | L4: 45052 | M4: 45054 | N4: 45070 | O4: 1 | P4: 0 | Q4: 0 | R4: 0 | S4: 0 | T4: Interview Rejected | U4: 48 | W4: 4
A5: C1004 | B5: Sales | C5: Manager | D5: Referral | E5: Priya S | F5: Ravi Verma | G5: Mumbai | H5: Onsite | I5: Female | J5: 45013 | K5: 45017 | L5: 45023 | M5: 45026 | N5: 45034 | O5: 1 | P5: 1 | Q5: 1 | R5: 0 | S5: 1 | T5: Offer Rejected | U5: 64 | W5: 11 | X5: 2535292 | Y5: Role mismatch
A6: C1005 | B6: Sales | C6: Manager | D6: Company Website | E6: Priya S | F6: Kunal Shah | G6: Delhi | H6: Onsite | I6: Female | J6: 45012 | K6: 45017 | L6: 45021 | M6: 45023 | N6: 45036 | O6: 1 | P6: 0 | Q6: 0 | R6: 0 | S6: 0 | T6: Interview Rejected | U6: 58 | W6: 11
A7: C1006 | B7: Marketing | C7: Junior | D7: Naukri | E7: Sneha T | F7: Kunal Shah | G7: Bangalore | H7: Remote | I7: Female | J7: 45320 | K7: 45323 | L7: 45332 | M7: 45338 | N7: 45335 | O7: 1 | P7: 0 | Q7: 0 | R7: 0 | S7: 0 | T7: Interview Rejected | U7: 45 | W7: 1
A8: C1007 | B8: HR | C8: Analyst | D8: LinkedIn | E8: Sneha T | F8: Simran Gill | G8: Hyderabad | H8: Hybrid | I8: Female | J8: 45033 | K8: 45035 | L8: 45040 | M8: 45046 | N8: 45050 | O8: 1 | P8: 1 | Q8: 1 | R8: 1 | S8: 0 | T8: Joined | U8: 59 | V8: 17 | W8: 1 | X8: 739732
A9: C1008 | B9: Marketing | C9: Analyst | D9: Naukri | E9: Rahul M | F9: Neha Kapoor | G9: Hyderabad | H9: Hybrid | I9: Male | J9: 45194 | K9: 45195 | L9: 45200 | M9: 45205 | N9: 45212 | O9: 1 | P9: 0 | Q9: 0 | R9: 0 | S9: 0 | T9: Interview Rejected | U9: 82 | W9: 2
A10: C1009 | B10: Operations | C10: Junior | D10: Naukri | E10: Anita K | F10: Pooja Nair | G10: Pune | H10: Onsite | I10: Female | J10: 45417 | K10: 45418 | L10: 45421 | M10: 45423 | N10: 45431 | O10: 1 | P10: 1 | Q10: 1 | R10: 0 | S10: 0 | T10: Offer Rejected | U10: 53 | W10: 2 | X10: 550299 | Y10: Long hiring process
A11: C1010 | B11: Engineering | C11: Senior | D11: LinkedIn | E11: Sneha T | F11: Kunal Shah | G11: Hyderabad | H11: Remote | I11: Female | J11: 45434 | K11: 45436 | L11: 45446 | M11: 45448 | N11: 45466 | O11: 1 | P11: 1 | Q11: 0 | R11: 0 | S11: 0 | T11: Interview Rejected | U11: 67 | W11: 6
A12: C1011 | B12: Operations | C12: Senior | D12: Campus | E12: Anita K | F12: Ravi Verma | G12: Delhi | H12: Onsite | I12: Male | J12: 45261 | K12: 45264 | L12: 45269 | M12: 45275 | N12: 45288 | O12: 0 | P12: 0 | Q12: 0 | R12: 0 | S12: 1 | T12: Screening Rejected | U12: 82 | W12: 7
A13: C1012 | B13: Marketing | C13: Senior | D13: Campus | E13: Sneha T | F13: Arjun Mehta | G13: Hyderabad | H13: Remote | I13: Female | J13: 45459 | K13: 45464 | L13: 45473 | M13: 45475 | N13: 45478 | O13: 1 | P13: 0 | Q13: 0 | R13: 0 | S13: 0 | T13: Interview Rejected | U13: 48 | W13: 7
A14: C1013 | B14: Sales | C14: Lead | D14: Naukri | E14: Priya S | F14: Arjun Mehta | G14: Delhi | H14: Remote | I14: Male | J14: 44989 | K14: 44990 | L14: 45000 | M14: 45003 | N14: 45004 | O14: 1 | P14: 1 | Q14: 1 | R14: 0 | S14: 0 | T14: Offer Rejected | U14: 73 | W14: 7 | X14: 1747659 | Y14: Long hiring process
A15: C1014 | B15: Engineering | C15: Senior | D15: Company Website | E15: Sneha T | F15: Arjun Mehta | G15: Delhi | H15: Hybrid | I15: Female | J15: 45091 | K15: 45093 | L15: 45098 | M15: 45105 | N15: 45116 | O15: 1 | P15: 1 | Q15: 1 | R15: 0 | S15: 0 | T15: Offer Rejected | U15: 46 | W15: 7 | X15: 1273153 | Y15: Higher salary elsewhere
A16: C1015 | B16: HR | C16: Manager | D16: Referral | E16: Anita K | F16: Kunal Shah | G16: Hyderabad | H16: Hybrid | I16: Female | J16: 45139 | K16: 45142 | L16: 45148 | M16: 45154 | N16: 45151 | O16: 0 | P16: 0 | Q16: 0 | R16: 0 | S16: 1 | T16: Screening Rejected | U16: 62 | W16: 8
A17: C1016 | B17: Sales | C17: Junior | D17: LinkedIn | E17: Anita K | F17: Kunal Shah | G17: Delhi | H17: Onsite | I17: Male | J17: 45176 | K17: 45179 | L17: 45185 | M17: 45188 | N17: 45198 | O17: 0 | P17: 0 | Q17: 0 | R17: 0 | S17: 0 | T17: Screening Rejected | U17: 62 | W17: 0
A18: C1017 | B18: Sales | C18: Manager | D18: LinkedIn | E18: Priya S | F18: Simran Gill | G18: Mumbai | H18: Remote | I18: Male | J18: 45155 | K18: 45158 | L18: 45163 | M18: 45166 | N18: 45167 | O18: 0 | P18: 0 | Q18: 0 | R18: 0 | S18: 0 | T18: Screening Rejected | U18: 82 | W18: 8
A19: C1018 | B19: Sales | C19: Analyst | D19: Naukri | E19: Anita K | F19: Arjun Mehta | G19: Bangalore | H19: Onsite | I19: Female | J19: 45468 | K19: 45471 | L19: 45475 | M19: 45477 | N19: 45492 | O19: 1 | P19: 0 | Q19: 0 | R19: 0 | S19: 0 | T19: Interview Rejected | U19: 59 | W19: 4
A20: C1019 | B20: Sales | C20: Senior | D20: Campus | E20: Priya S | F20: Simran Gill | G20: Bangalore | H20: Remote | I20: Male | J20: 45332 | K20: 45333 | L20: 45340 | M20: 45344 | N20: 45351 | O20: 0 | P20: 0 | Q20: 0 | R20: 0 | S20: 0 | T20: Screening Rejected | U20: 74 | W20: 5
A21: C1020 | B21: Engineering | C21: Analyst | D21: Campus | E21: Anita K | F21: Kunal Shah | G21: Bangalore | H21: Remote | I21: Female | J21: 45089 | K21: 45094 | L21: 45099 | M21: 45105 | N21: 45117 | O21: 1 | P21: 1 | Q21: 1 | R21: 0 | S21: 0 | T21: Offer Rejected | U21: 75 | W21: 3 | X21: 613835 | Y21: Counter offer accepted
A22: C1021 | B22: Marketing | C22: Manager | D22: Referral | E22: Priya S | F22: Kunal Shah | G22: Delhi | H22: Onsite | I22: Female | J22: 45311 | K22: 45312 | L22: 45316 | M22: 45323 | N22: 45339 | O22: 0 | P22: 0 | Q22: 0 | R22: 0 | S22: 0 | T22: Screening Rejected | U22: 62 | W22: 8
A23: C1022 | B23: Finance | C23: Lead | D23: LinkedIn | E23: Sneha T | F23: Kunal Shah | G23: Pune | H23: Remote | I23: Female | J23: 45318 | K23: 45321 | L23: 45324 | M23: 45330 | N23: 45347 | O23: 1 | P23: 1 | Q23: 0 | R23: 0 | S23: 0 | T23: Interview Rejected | U23: 100 | W23: 6
A24: C1023 | B24: Sales | C24: Manager | D24: Company Website | E24: Sneha T | F24: Simran Gill | G24: Bangalore | H24: Hybrid | I24: Male | J24: 45431 | K24: 45432 | L24: 45436 | M24: 45443 | N24: 45444 | O24: 1 | P24: 0 | Q24: 0 | R24: 0 | S24: 0 | T24: Interview Rejected | U24: 46 | W24: 14
A25: C1024 | B25: Marketing | C25: Manager | D25: LinkedIn | E25: Priya S | F25: Ravi Verma | G25: Hyderabad | H25: Hybrid | I25: Female | J25: 45389 | K25: 45391 | L25: 45395 | M25: 45402 | N25: 45413 | O25: 1 | P25: 1 | Q25: 0 | R25: 0 | S25: 1 | T25: Interview Rejected | U25: 80 | W25: 14
A26: C1025 | B26: Sales | C26: Analyst | D26: Referral | E26: Anita K | F26: Pooja Nair | G26: Mumbai | H26: Remote | I26: Female | J26: 45342 | K26: 45346 | L26: 45350 | M26: 45355 | N26: 45356 | O26: 0 | P26: 0 | Q26: 0 | R26: 0 | S26: 0 | T26: Screening Rejected | U26: 77 | W26: 1
A27: C1026 | B27: Engineering | C27: Junior | D27: Referral | E27: Rahul M | F27: Simran Gill | G27: Mumbai | H27: Hybrid | I27: Female | J27: 45273 | K27: 45275 | L27: 45282 | M27: 45286 | N27: 45309 | O27: 1 | P27: 1 | Q27: 1 | R27: 1 | S27: 0 | T27: Joined | U27: 73 | V27: 36 | W27: 2 | X27: 533642
A28: C1027 | B28: Engineering | C28: Manager | D28: Campus | E28: Rahul M | F28: Pooja Nair | G28: Mumbai | H28: Hybrid | I28: Male | J28: 45113 | K28: 45118 | L28: 45123 | M28: 45129 | N28: 45140 | O28: 1 | P28: 0 | Q28: 0 | R28: 0 | S28: 0 | T28: Interview Rejected | U28: 83 | W28: 11
A29: C1028 | B29: Engineering | C29: Manager | D29: Campus | E29: Anita K | F29: Ravi Verma | G29: Delhi | H29: Remote | I29: Male | J29: 45446 | K29: 45447 | L29: 45452 | M29: 45455 | N29: 45477 | O29: 0 | P29: 0 | Q29: 0 | R29: 0 | S29: 0 | T29: Screening Rejected | U29: 55 | W29: 8
A30: C1029 | B30: Sales | C30: Analyst | D30: Referral | E30: Sneha T | F30: Pooja Nair | G30: Pune | H30: Remote | I30: Female | J30: 44944 | K30: 44946 | L30: 44956 | M30: 44958 | N30: 44958 | O30: 0 | P30: 0 | Q30: 0 | R30: 0 | S30: 0 | T30: Screening Rejected | U30: 68 | W30: 1
A31: C1030 | B31: Sales | C31: Lead | D31: Referral | E31: Rahul M | F31: Simran Gill | G31: Delhi | H31: Hybrid | I31: Male | J31: 45243 | K31: 45245 | L31: 45249 | M31: 45256 | N31: 45258 | O31: 1 | P31: 0 | Q31: 0 | R31: 0 | S31: 0 | T31: Interview Rejected | U31: 76 | W31: 6
A32: C1031 | B32: Operations | C32: Analyst | D32: Referral | E32: Sneha T | F32: Simran Gill | G32: Mumbai | H32: Onsite | I32: Female | J32: 45024 | K32: 45026 | L32: 45031 | M32: 45035 | N32: 45053 | O32: 1 | P32: 1 | Q32: 1 | R32: 1 | S32: 0 | T32: Joined | U32: 80 | V32: 29 | W32: 2 | X32: 685814
A33: C1032 | B33: Engineering | C33: Senior | D33: LinkedIn | E33: Anita K | F33: Pooja Nair | G33: Pune | H33: Hybrid | I33: Female | J33: 45122 | K33: 45126 | L33: 45134 | M33: 45137 | N33: 45162 | O33: 1 | P33: 0 | Q33: 0 | R33: 0 | S33: 0 | T33: Interview Rejected | U33: 51 | W33: 3
A34: C1033 | B34: Sales | C34: Junior | D34: Company Website | E34: Deepak R | F34: Arjun Mehta | G34: Mumbai | H34: Onsite | I34: Male | J34: 45377 | K34: 45379 | L34: 45386 | M34: 45391 | N34: 45394 | O34: 1 | P34: 1 | Q34: 0 | R34: 0 | S34: 0 | T34: Interview Rejected | U34: 57 | W34: 2
A35: C1034 | B35: Sales | C35: Senior | D35: Campus | E35: Anita K | F35: Arjun Mehta | G35: Delhi | H35: Hybrid | I35: Male | J35: 45270 | K35: 45274 | L35: 45279 | M35: 45284 | N35: 45285 | O35: 1 | P35: 0 | Q35: 0 | R35: 0 | S35: 1 | T35: Interview Rejected | U35: 76 | W35: 7
A36: C1035 | B36: Marketing | C36: Senior | D36: LinkedIn | E36: Priya S | F36: Neha Kapoor | G36: Delhi | H36: Hybrid | I36: Male | J36: 45293 | K36: 45297 | L36: 45305 | M36: 45310 | N36: 45317 | O36: 1 | P36: 1 | Q36: 0 | R36: 0 | S36: 0 | T36: Interview Rejected | U36: 67 | W36: 7
A37: C1036 | B37: Marketing | C37: Senior | D37: Referral | E37: Deepak R | F37: Arjun Mehta | G37: Delhi | H37: Onsite | I37: Male | J37: 44969 | K37: 44973 | L37: 44979 | M37: 44984 | N37: 44997 | O37: 1 | P37: 0 | Q37: 0 | R37: 0 | S37: 0 | T37: Interview Rejected | U37: 91 | W37: 6
A38: C1037 | B38: Marketing | C38: Senior | D38: Referral | E38: Sneha T | F38: Ravi Verma | G38: Bangalore | H38: Onsite | I38: Female | J38: 45286 | K38: 45288 | L38: 45294 | M38: 45297 | N38: 45301 | O38: 1 | P38: 1 | Q38: 1 | R38: 1 | S38: 0 | T38: Joined | U38: 58 | V38: 15 | W38: 7 | X38: 1144053
A39: C1038 | B39: Finance | C39: Lead | D39: Company Website | E39: Deepak R | F39: Arjun Mehta | G39: Bangalore | H39: Remote | I39: Male | J39: 45268 | K39: 45269 | L39: 45272 | M39: 45276 | N39: 45290 | O39: 1 | P39: 1 | Q39: 1 | R39: 1 | S39: 0 | T39: Joined | U39: 90 | V39: 22 | W39: 8 | X39: 1635814
A40: C1039 | B40: HR | C40: Manager | D40: Campus | E40: Sneha T | F40: Ravi Verma | G40: Hyderabad | H40: Onsite | I40: Male | J40: 44965 | K40: 44967 | L40: 44976 | M40: 44983 | N40: 44980 | O40: 1 | P40: 0 | Q40: 0 | R40: 0 | S40: 1 | T40: Interview Rejected | U40: 46 | W40: 13
A41: C1040 | B41: Marketing | C41: Manager | D41: Campus | E41: Anita K | F41: Kunal Shah | G41: Mumbai | H41: Onsite | I41: Female | J41: 45433 | K41: 45434 | L41: 45442 | M41: 45448 | N41: 45456 | O41: 1 | P41: 1 | Q41: 1 | R41: 0 | S41: 0 | T41: Offer Rejected | U41: 67 | W41: 15 | X41: 2233217 | Y41: Counter offer accepted
A42: C1041 | B42: Engineering | C42: Senior | D42: Company Website | E42: Priya S | F42: Ravi Verma | G42: Mumbai | H42: Hybrid | I42: Female | J42: 45238 | K42: 45243 | L42: 45246 | M42: 45249 | N42: 45260 | O42: 1 | P42: 1 | Q42: 1 | R42: 1 | S42: 0 | T42: Joined | U42: 79 | V42: 22 | W42: 6 | X42: 927813
A43: C1042 | B43: Sales | C43: Analyst | D43: Company Website | E43: Priya S | F43: Ravi Verma | G43: Pune | H43: Onsite | I43: Female | J43: 44964 | K43: 44965 | L43: 44969 | M43: 44976 | N43: 44989 | O43: 0 | P43: 0 | Q43: 0 | R43: 0 | S43: 0 | T43: Screening Rejected | U43: 45 | W43: 3
A44: C1043 | B44: Operations | C44: Senior | D44: LinkedIn | E44: Priya S | F44: Pooja Nair | G44: Pune | H44: Hybrid | I44: Male | J44: 45202 | K44: 45207 | L44: 45216 | M44: 45220 | N44: 45216 | O44: 0 | P44: 0 | Q44: 0 | R44: 0 | S44: 0 | T44: Screening Rejected | U44: 87 | W44: 5
A45: C1044 | B45: Sales | C45: Analyst | D45: Campus | E45: Sneha T | F45: Pooja Nair | G45: Pune | H45: Remote | I45: Male | J45: 45049 | K45: 45052 | L45: 45059 | M45: 45066 | N45: 45065 | O45: 1 | P45: 0 | Q45: 0 | R45: 0 | S45: 0 | T45: Interview Rejected | U45: 77 | W45: 3
A46: C1045 | B46: HR | C46: Lead | D46: Naukri | E46: Deepak R | F46: Arjun Mehta | G46: Mumbai | H46: Onsite | I46: Female | J46: 45208 | K46: 45210 | L46: 45219 | M46: 45225 | N46: 45220 | O46: 0 | P46: 0 | Q46: 0 | R46: 0 | S46: 1 | T46: Screening Rejected | U46: 66 | W46: 8
A47: C1046 | B47: Operations | C47: Junior | D47: Referral | E47: Priya S | F47: Simran Gill | G47: Pune | H47: Remote | I47: Female | J47: 45084 | K47: 45087 | L47: 45097 | M47: 45102 | N47: 45104 | O47: 0 | P47: 0 | Q47: 0 | R47: 0 | S47: 0 | T47: Screening Rejected | U47: 81 | W47: 1
A48: C1047 | B48: Marketing | C48: Analyst | D48: LinkedIn | E48: Deepak R | F48: Pooja Nair | G48: Hyderabad | H48: Onsite | I48: Female | J48: 45227 | K48: 45228 | L48: 45238 | M48: 45241 | N48: 45255 | O48: 1 | P48: 1 | Q48: 1 | R48: 0 | S48: 0 | T48: Offer Rejected | U48: 66 | W48: 4 | X48: 867938 | Y48: Long hiring process
A49: C1048 | B49: Engineering | C49: Analyst | D49: Referral | E49: Sneha T | F49: Ravi Verma | G49: Pune | H49: Onsite | I49: Female | J49: 45278 | K49: 45279 | L49: 45289 | M49: 45291 | N49: 45302 | O49: 1 | P49: 1 | Q49: 1 | R49: 1 | S49: 0 | T49: Joined | U49: 71 | V49: 24 | W49: 3 | X49: 557742
A50: C1049 | B50: Operations | C50: Lead | D50: LinkedIn | E50: Sneha T | F50: Pooja Nair | G50: Mumbai | H50: Hybrid | I50: Female | J50: 45214 | K50: 45216 | L50: 45226 | M50: 45230 | N50: 45239 | O50: 0 | P50: 0 | Q50: 0 | R50: 0 | S50: 1 | T50: Screening Rejected | U50: 61 | W50: 6
A51: C1050 | B51: HR | C51: Junior | D51: Naukri | E51: Sneha T | F51: Ravi Verma | G51: Hyderabad | H51: Remote | I51: Female | J51: 45340 | K51: 45345 | L51: 45349 | M51: 45354 | N51: 45356 | O51: 0 | P51: 0 | Q51: 0 | R51: 0 | S51: 1 | T51: Screening Rejected | U51: 87 | W51: 1
A52: C1051 | B52: Marketing | C52: Analyst | D52: Campus | E52: Priya S | F52: Ravi Verma | G52: Mumbai | H52: Remote | I52: Male | J52: 45338 | K52: 45340 | L52: 45345 | M52: 45347 | N52: 45361 | O52: 1 | P52: 1 | Q52: 1 | R52: 1 | S52: 0 | T52: Joined | U52: 68 | V52: 23 | W52: 1 | X52: 613835
A53: C1052 | B53: Finance | C53: Junior | D53: Referral | E53: Priya S | F53: Pooja Nair | G53: Mumbai | H53: Hybrid | I53: Female | J53: 45143 | K53: 45148 | L53: 45153 | M53: 45155 | N53: 45170 | O53: 1 | P53: 1 | Q53: 1 | R53: 1 | S53: 0 | T53: Joined | U53: 98 | V53: 27 | W53: 0 | X53: 534801
A54: C1053 | B54: Marketing | C54: Lead | D54: LinkedIn | E54: Anita K | F54: Simran Gill | G54: Delhi | H54: Onsite | I54: Female | J54: 45273 | K54: 45277 | L54: 45282 | M54: 45288 | N54: 45293 | O54: 1 | P54: 1 | Q54: 1 | R54: 1 | S54: 0 | T54: Joined | U54: 87 | V54: 20 | W54: 8 | X54: 2078788
A55: C1054 | B55: Sales | C55: Senior | D55: Campus | E55: Anita K | F55: Kunal Shah | G55: Delhi | H55: Onsite | I55: Female | J55: 45373 | K55: 45378 | L55: 45385 | M55: 45391 | N55: 45397 | O55: 1 | P55: 1 | Q55: 1 | R55: 0 | S55: 0 | T55: Offer Rejected | U55: 99 | W55: 7 | X55: 800224 | Y55: Long hiring process
A56: C1055 | B56: Marketing | C56: Lead | D56: Campus | E56: Rahul M | F56: Arjun Mehta | G56: Pune | H56: Hybrid | I56: Female | J56: 45421 | K56: 45426 | L56: 45432 | M56: 45436 | N56: 45436 | O56: 1 | P56: 1 | Q56: 1 | R56: 1 | S56: 0 | T56: Joined | U56: 67 | V56: 15 | W56: 7 | X56: 2050218
A57: C1056 | B57: HR | C57: Analyst | D57: Campus | E57: Priya S | F57: Arjun Mehta | G57: Delhi | H57: Onsite | I57: Female | J57: 45378 | K57: 45381 | L57: 45384 | M57: 45388 | N57: 45398 | O57: 1 | P57: 1 | Q57: 1 | R57: 0 | S57: 0 | T57: Offer Rejected | U57: 55 | W57: 3 | X57: 886924 | Y57: Counter offer accepted
A58: C1057 | B58: Operations | C58: Junior | D58: Campus | E58: Sneha T | F58: Arjun Mehta | G58: Delhi | H58: Onsite | I58: Male | J58: 45287 | K58: 45289 | L58: 45293 | M58: 45299 | N58: 45306 | O58: 1 | P58: 1 | Q58: 1 | R58: 0 | S58: 0 | T58: Offer Rejected | U58: 84 | W58: 2 | X58: 406635 | Y58: Location mismatch
A59: C1058 | B59: HR | C59: Senior | D59: LinkedIn | E59: Priya S | F59: Pooja Nair | G59: Delhi | H59: Hybrid | I59: Female | J59: 45404 | K59: 45406 | L59: 45415 | M59: 45418 | N59: 45414 | O59: 1 | P59: 1 | Q59: 1 | R59: 1 | S59: 0 | T59: Joined | U59: 86 | V59: 10 | W59: 6 | X59: 937789
A60: C1059 | B60: Engineering | C60: Junior | D60: Company Website | E60: Priya S | F60: Ravi Verma | G60: Bangalore | H60: Onsite | I60: Male | J60: 45291 | K60: 45296 | L60: 45301 | M60: 45308 | N60: 45320 | O60: 1 | P60: 1 | Q60: 0 | R60: 0 | S60: 0 | T60: Interview Rejected | U60: 93 | W60: 0
A61: C1060 | B61: HR | C61: Analyst | D61: Company Website | E61: Priya S | F61: Pooja Nair | G61: Mumbai | H61: Remote | I61: Male | J61: 45329 | K61: 45334 | L61: 45344 | M61: 45350 | N61: 45350 | O61: 1 | P61: 1 | Q61: 1 | R61: 0 | S61: 0 | T61: Offer Rejected | U61: 52 | W61: 4 | X61: 609877 | Y61: Location mismatch
A62: C1061 | B62: Engineering | C62: Analyst | D62: Referral | E62: Sneha T | F62: Pooja Nair | G62: Delhi | H62: Onsite | I62: Female | J62: 44947 | K62: 44948 | L62: 44958 | M62: 44964 | N62: 44980 | O62: 0 | P62: 0 | Q62: 0 | R62: 0 | S62: 0 | T62: Screening Rejected | U62: 66 | W62: 2
A63: C1062 | B63: Finance | C63: Senior | D63: LinkedIn | E63: Rahul M | F63: Arjun Mehta | G63: Mumbai | H63: Onsite | I63: Male | J63: 45053 | K63: 45056 | L63: 45062 | M63: 45064 | N63: 45086 | O63: 0 | P63: 0 | Q63: 0 | R63: 0 | S63: 1 | T63: Screening Rejected | U63: 53 | W63: 3
A64: C1063 | B64: Engineering | C64: Senior | D64: Company Website | E64: Rahul M | F64: Ravi Verma | G64: Mumbai | H64: Onsite | I64: Male | J64: 45374 | K64: 45377 | L64: 45380 | M64: 45387 | N64: 45408 | O64: 1 | P64: 0 | Q64: 0 | R64: 0 | S64: 0 | T64: Interview Rejected | U64: 46 | W64: 6
A65: C1064 | B65: HR | C65: Lead | D65: Company Website | E65: Sneha T | F65: Pooja Nair | G65: Mumbai | H65: Onsite | I65: Male | J65: 45290 | K65: 45291 | L65: 45295 | M65: 45301 | N65: 45303 | O65: 1 | P65: 1 | Q65: 1 | R65: 0 | S65: 0 | T65: Offer Rejected | U65: 85 | W65: 9 | X65: 1826412 | Y65: Higher salary elsewhere
A66: C1065 | B66: Sales | C66: Senior | D66: Referral | E66: Sneha T | F66: Simran Gill | G66: Mumbai | H66: Hybrid | I66: Male | J66: 45046 | K66: 45048 | L66: 45051 | M66: 45054 | N66: 45068 | O66: 0 | P66: 0 | Q66: 0 | R66: 0 | S66: 0 | T66: Screening Rejected | U66: 76 | W66: 7
A67: C1066 | B67: Sales | C67: Lead | D67: Campus | E67: Rahul M | F67: Neha Kapoor | G67: Mumbai | H67: Remote | I67: Male | J67: 45216 | K67: 45221 | L67: 45224 | M67: 45226 | N67: 45233 | O67: 1 | P67: 1 | Q67: 0 | R67: 0 | S67: 0 | T67: Interview Rejected | U67: 50 | W67: 6
A68: C1067 | B68: Marketing | C68: Analyst | D68: Referral | E68: Rahul M | F68: Simran Gill | G68: Pune | H68: Hybrid | I68: Male | J68: 45146 | K68: 45148 | L68: 45152 | M68: 45156 | N68: 45163 | O68: 1 | P68: 1 | Q68: 0 | R68: 0 | S68: 1 | T68: Interview Rejected | U68: 48 | W68: 2
A69: C1068 | B69: Finance | C69: Junior | D69: Campus | E69: Priya S | F69: Simran Gill | G69: Bangalore | H69: Hybrid | I69: Female | J69: 45384 | K69: 45389 | L69: 45394 | M69: 45397 | N69: 45419 | O69: 1 | P69: 0 | Q69: 0 | R69: 0 | S69: 0 | T69: Interview Rejected | U69: 48 | W69: 0
A70: C1069 | B70: Sales | C70: Lead | D70: Naukri | E70: Priya S | F70: Arjun Mehta | G70: Hyderabad | H70: Onsite | I70: Female | J70: 45194 | K70: 45198 | L70: 45208 | M70: 45215 | N70: 45217 | O70: 1 | P70: 1 | Q70: 1 | R70: 1 | S70: 0 | T70: Joined | U70: 57 | V70: 23 | W70: 10 | X70: 2184365
A71: C1070 | B71: Sales | C71: Junior | D71: Campus | E71: Sneha T | F71: Ravi Verma | G71: Bangalore | H71: Hybrid | I71: Male | J71: 45294 | K71: 45296 | L71: 45304 | M71: 45307 | N71: 45310 | O71: 1 | P71: 1 | Q71: 1 | R71: 0 | S71: 0 | T71: Offer Rejected | U71: 84 | W71: 1 | X71: 587609 | Y71: Role mismatch
A72: C1071 | B72: Sales | C72: Manager | D72: Campus | E72: Sneha T | F72: Kunal Shah | G72: Bangalore | H72: Hybrid | I72: Female | J72: 45137 | K72: 45139 | L72: 45147 | M72: 45151 | N72: 45157 | O72: 1 | P72: 1 | Q72: 1 | R72: 1 | S72: 0 | T72: Joined | U72: 65 | V72: 20 | W72: 15 | X72: 2054203
A73: C1072 | B73: Engineering | C73: Senior | D73: Campus | E73: Priya S | F73: Pooja Nair | G73: Mumbai | H73: Remote | I73: Male | J73: 45035 | K73: 45039 | L73: 45045 | M73: 45050 | N73: 45070 | O73: 1 | P73: 1 | Q73: 1 | R73: 0 | S73: 0 | T73: Offer Rejected | U73: 67 | W73: 3 | X73: 1092471 | Y73: Higher salary elsewhere
A74: C1073 | B74: Marketing | C74: Analyst | D74: Referral | E74: Deepak R | F74: Pooja Nair | G74: Mumbai | H74: Hybrid | I74: Female | J74: 45043 | K74: 45047 | L74: 45054 | M74: 45061 | N74: 45069 | O74: 1 | P74: 0 | Q74: 0 | R74: 0 | S74: 0 | T74: Interview Rejected | U74: 52 | W74: 3
A75: C1074 | B75: Sales | C75: Senior | D75: Campus | E75: Rahul M | F75: Arjun Mehta | G75: Hyderabad | H75: Hybrid | I75: Male | J75: 45163 | K75: 45164 | L75: 45171 | M75: 45178 | N75: 45187 | O75: 1 | P75: 1 | Q75: 1 | R75: 0 | S75: 0 | T75: Offer Rejected | U75: 94 | W75: 7 | X75: 1078318 | Y75: Role mismatch
A76: C1075 | B76: Sales | C76: Manager | D76: Referral | E76: Rahul M | F76: Neha Kapoor | G76: Delhi | H76: Remote | I76: Male | J76: 44957 | K76: 44959 | L76: 44968 | M76: 44971 | N76: 44976 | O76: 1 | P76: 0 | Q76: 0 | R76: 0 | S76: 0 | T76: Interview Rejected | U76: 47 | W76: 14
A77: C1076 | B77: Operations | C77: Analyst | D77: Campus | E77: Anita K | F77: Arjun Mehta | G77: Pune | H77: Hybrid | I77: Female | J77: 45343 | K77: 45348 | L77: 45351 | M77: 45355 | N77: 45358 | O77: 1 | P77: 0 | Q77: 0 | R77: 0 | S77: 0 | T77: Interview Rejected | U77: 51 | W77: 4
A78: C1077 | B78: Engineering | C78: Manager | D78: Campus | E78: Anita K | F78: Pooja Nair | G78: Mumbai | H78: Onsite | I78: Female | J78: 45204 | K78: 45209 | L78: 45214 | M78: 45217 | N78: 45237 | O78: 1 | P78: 0 | Q78: 0 | R78: 0 | S78: 0 | T78: Interview Rejected | U78: 67 | W78: 8
A79: C1078 | B79: Engineering | C79: Senior | D79: Campus | E79: Sneha T | F79: Pooja Nair | G79: Pune | H79: Remote | I79: Female | J79: 45414 | K79: 45419 | L79: 45425 | M79: 45430 | N79: 45451 | O79: 1 | P79: 1 | Q79: 1 | R79: 0 | S79: 0 | T79: Offer Rejected | U79: 93 | W79: 5 | X79: 940476 | Y79: Long hiring process
A80: C1079 | B80: Sales | C80: Lead | D80: Company Website | E80: Rahul M | F80: Kunal Shah | G80: Pune | H80: Remote | I80: Male | J80: 45455 | K80: 45458 | L80: 45462 | M80: 45469 | N80: 45471 | O80: 0 | P80: 0 | Q80: 0 | R80: 0 | S80: 1 | T80: Screening Rejected | U80: 79 | W80: 10
A81: C1080 | B81: Marketing | C81: Junior | D81: LinkedIn | E81: Anita K | F81: Arjun Mehta | G81: Delhi | H81: Hybrid | I81: Male | J81: 45147 | K81: 45152 | L81: 45155 | M81: 45157 | N81: 45172 | O81: 1 | P81: 0 | Q81: 0 | R81: 0 | S81: 0 | T81: Interview Rejected | U81: 55 | W81: 0
A82: C1081 | B82: Marketing | C82: Senior | D82: LinkedIn | E82: Deepak R | F82: Pooja Nair | G82: Delhi | H82: Remote | I82: Male | J82: 44948 | K82: 44950 | L82: 44954 | M82: 44956 | N82: 44972 | O82: 1 | P82: 0 | Q82: 0 | R82: 0 | S82: 0 | T82: Interview Rejected | U82: 53 | W82: 6
A83: C1082 | B83: Engineering | C83: Analyst | D83: Campus | E83: Sneha T | F83: Simran Gill | G83: Bangalore | H83: Onsite | I83: Male | J83: 44956 | K83: 44959 | L83: 44969 | M83: 44976 | N83: 44993 | O83: 1 | P83: 1 | Q83: 0 | R83: 0 | S83: 0 | T83: Interview Rejected | U83: 82 | W83: 2
A84: C1083 | B84: Sales | C84: Senior | D84: Company Website | E84: Sneha T | F84: Simran Gill | G84: Bangalore | H84: Hybrid | I84: Female | J84: 45331 | K84: 45336 | L84: 45346 | M84: 45349 | N84: 45345 | O84: 1 | P84: 0 | Q84: 0 | R84: 0 | S84: 0 | T84: Interview Rejected | U84: 60 | W84: 3
A85: C1084 | B85: Engineering | C85: Senior | D85: Campus | E85: Sneha T | F85: Kunal Shah | G85: Pune | H85: Onsite | I85: Female | J85: 45401 | K85: 45406 | L85: 45415 | M85: 45419 | N85: 45430 | O85: 1 | P85: 1 | Q85: 1 | R85: 0 | S85: 0 | T85: Offer Rejected | U85: 98 | W85: 3 | X85: 999778 | Y85: Counter offer accepted
A86: C1085 | B86: Sales | C86: Lead | D86: Referral | E86: Rahul M | F86: Ravi Verma | G86: Delhi | H86: Remote | I86: Female | J86: 44996 | K86: 44998 | L86: 45002 | M86: 45007 | N86: 45021 | O86: 0 | P86: 0 | Q86: 0 | R86: 0 | S86: 0 | T86: Screening Rejected | U86: 54 | W86: 6
A87: C1086 | B87: Marketing | C87: Lead | D87: Campus | E87: Deepak R | F87: Simran Gill | G87: Delhi | H87: Onsite | I87: Female | J87: 45325 | K87: 45329 | L87: 45337 | M87: 45344 | N87: 45343 | O87: 1 | P87: 1 | Q87: 0 | R87: 0 | S87: 0 | T87: Interview Rejected | U87: 69 | W87: 7
A88: C1087 | B88: Engineering | C88: Lead | D88: Referral | E88: Rahul M | F88: Ravi Verma | G88: Pune | H88: Onsite | I88: Male | J88: 45290 | K88: 45292 | L88: 45301 | M88: 45306 | N88: 45321 | O88: 0 | P88: 0 | Q88: 0 | R88: 0 | S88: 0 | T88: Screening Rejected | U88: 74 | W88: 6
A89: C1088 | B89: Engineering | C89: Lead | D89: Referral | E89: Anita K | F89: Ravi Verma | G89: Delhi | H89: Hybrid | I89: Female | J89: 45140 | K89: 45144 | L89: 45148 | M89: 45153 | N89: 45179 | O89: 1 | P89: 0 | Q89: 0 | R89: 0 | S89: 0 | T89: Interview Rejected | U89: 87 | W89: 6
A90: C1089 | B90: Engineering | C90: Manager | D90: Campus | E90: Priya S | F90: Ravi Verma | G90: Mumbai | H90: Hybrid | I90: Male | J90: 45379 | K90: 45383 | L90: 45392 | M90: 45396 | N90: 45399 | O90: 1 | P90: 0 | Q90: 0 | R90: 0 | S90: 0 | T90: Interview Rejected | U90: 56 | W90: 11
A91: C1090 | B91: Sales | C91: Lead | D91: Company Website | E91: Priya S | F91: Kunal Shah | G91: Bangalore | H91: Onsite | I91: Female | J91: 44960 | K91: 44961 | L91: 44969 | M91: 44974 | N91: 44979 | O91: 1 | P91: 1 | Q91: 0 | R91: 0 | S91: 0 | T91: Interview Rejected | U91: 89 | W91: 7
A92: C1091 | B92: Sales | C92: Manager | D92: Referral | E92: Deepak R | F92: Pooja Nair | G92: Bangalore | H92: Hybrid | I92: Male | J92: 45008 | K92: 45013 | L92: 45022 | M92: 45025 | N92: 45033 | O92: 0 | P92: 0 | Q92: 0 | R92: 0 | S92: 0 | T92: Screening Rejected | U92: 74 | W92: 15
A93: C1092 | B93: Sales | C93: Lead | D93: Naukri | E93: Anita K | F93: Ravi Verma | G93: Pune | H93: Onsite | I93: Male | J93: 45268 | K93: 45270 | L93: 45279 | M93: 45283 | N93: 45280 | O93: 1 | P93: 1 | Q93: 1 | R93: 0 | S93: 0 | T93: Offer Rejected | U93: 79 | W93: 8 | X93: 1802377 | Y93: Location mismatch
A94: C1093 | B94: Engineering | C94: Senior | D94: LinkedIn | E94: Priya S | F94: Arjun Mehta | G94: Mumbai | H94: Hybrid | I94: Female | J94: 45048 | K94: 45050 | L94: 45058 | M94: 45060 | N94: 45069 | O94: 0 | P94: 0 | Q94: 0 | R94: 0 | S94: 0 | T94: Screening Rejected | U94: 57 | W94: 3
A95: C1094 | B95: Operations | C95: Manager | D95: Campus | E95: Priya S | F95: Arjun Mehta | G95: Bangalore | H95: Onsite | I95: Female | J95: 44971 | K95: 44972 | L95: 44977 | M95: 44984 | N95: 44991 | O95: 1 | P95: 1 | Q95: 1 | R95: 1 | S95: 0 | T95: Joined | U95: 93 | V95: 20 | W95: 12 | X95: 2900177
A96: C1095 | B96: Sales | C96: Junior | D96: Naukri | E96: Anita K | F96: Pooja Nair | G96: Pune | H96: Hybrid | I96: Female | J96: 45378 | K96: 45379 | L96: 45389 | M96: 45394 | N96: 45399 | O96: 0 | P96: 0 | Q96: 0 | R96: 0 | S96: 1 | T96: Screening Rejected | U96: 64 | W96: 1
A97: C1096 | B97: Sales | C97: Junior | D97: Naukri | E97: Sneha T | F97: Kunal Shah | G97: Pune | H97: Onsite | I97: Female | J97: 45282 | K97: 45286 | L97: 45295 | M97: 45299 | N97: 45296 | O97: 1 | P97: 1 | Q97: 0 | R97: 0 | S97: 0 | T97: Interview Rejected | U97: 72 | W97: 0
A98: C1097 | B98: Marketing | C98: Junior | D98: Campus | E98: Anita K | F98: Arjun Mehta | G98: Mumbai | H98: Onsite | I98: Male | J98: 45134 | K98: 45136 | L98: 45145 | M98: 45152 | N98: 45159 | O98: 0 | P98: 0 | Q98: 0 | R98: 0 | S98: 0 | T98: Screening Rejected | U98: 82 | W98: 0
A99: C1098 | B99: Engineering | C99: Senior | D99: Company Website | E99: Anita K | F99: Kunal Shah | G99: Delhi | H99: Remote | I99: Female | J99: 45296 | K99: 45298 | L99: 45302 | M99: 45308 | N99: 45332 | O99: 0 | P99: 0 | Q99: 0 | R99: 0 | S99: 0 | T99: Screening Rejected | U99: 49 | W99: 6
A100: C1099 | B100: HR | C100: Lead | D100: Naukri | E100: Deepak R | F100: Kunal Shah | G100: Mumbai | H100: Hybrid | I100: Female | J100: 45280 | K100: 45283 | L100: 45290 | M100: 45294 | N100: 45296 | O100: 1 | P100: 1 | Q100: 1 | R100: 0 | S100: 0 | T100: Offer Rejected | U100: 50 | W100: 10 | X100: 1694726 | Y100: Counter offer accepted
...

Sheet Funnel_Summary
A1: Metric | B1: Value
A2: Total Applications | B2: =COUNTA(Raw_Data!A:A)-1 -> 1500
A3: Passed Screening | B3: =SUM(Raw_Data!O:O) -> 1069
A4: Passed Interview | B4: =SUM(Raw_Data!P:P) -> 773
A5: Got Offer | B5: =SUM(Raw_Data!Q:Q) -> 549
A6: Accepted Offer | B6: =SUM(Raw_Data!R:R) -> 260
A7: Screening Rate % | B7: =(B3/B2)*100 -> 71.266667
A8: Interview Rate % | B8: =(B4/B3)*100 -> 72.310571
A9: Offer Rate % | B9: =(B5/B4)*100 -> 71.021992
A10: Acceptance Rate % | B10: =(B6/B5)*100 -> 47.358834

Sheet Department_Analysis
A1: Department | B1: Avg Time To Hire | C1: Hire Count
A2: Engineering | B2: =AVERAGEIFS(Raw_Data!V:V,Raw_Data!B:B,A2,Raw_Data!R:R,1) -> 29.652778 | C2: =COUNTIFS(Raw_Data!B:B,A2,Raw_Data!R:R,1) -> 72
A3: Finance | B3: =AVERAGEIFS(Raw_Data!V:V,Raw_Data!B:B,A3,Raw_Data!R:R,1) -> 25.484848 | C3: =COUNTIFS(Raw_Data!B:B,A3,Raw_Data!R:R,1) -> 33
A4: Operations | B4: =AVERAGEIFS(Raw_Data!V:V,Raw_Data!B:B,A4,Raw_Data!R:R,1) -> 22.346154 | C4: =COUNTIFS(Raw_Data!B:B,A4,Raw_Data!R:R,1) -> 26
A5: Marketing | B5: =AVERAGEIFS(Raw_Data!V:V,Raw_Data!B:B,A5,Raw_Data!R:R,1) -> 22.190476 | C5: =COUNTIFS(Raw_Data!B:B,A5,Raw_Data!R:R,1) -> 42
A6: Sales | B6: =AVERAGEIFS(Raw_Data!V:V,Raw_Data!B:B,A6,Raw_Data!R:R,1) -> 18.984375 | C6: =COUNTIFS(Raw_Data!B:B,A6,Raw_Data!R:R,1) -> 64
A7: HR | B7: =AVERAGEIFS(Raw_Data!V:V,Raw_Data!B:B,A7,Raw_Data!R:R,1) -> 15.913043 | C7: =COUNTIFS(Raw_Data!B:B,A7,Raw_Data!R:R,1) -> 23
A9: Key Finding:
A10: Engineering requires 29.7 days on average to fill a position,
A11: 86.8% longer than HR (15.9 days).
A13: Reducing Engineering hiring cycle to HR benchmark could
A14: save approximately 13.8 days per vacancy and significantly
A15: reduce productivity loss.

Sheet Recruiter_Scorecard
A1: Recruiter | B1: Total Applications | C1: Total Hires | D1: Hire Rate % | E1: Avg Days To Hire | F1: Performance Rating
A2: Priya S | B2: =COUNTIF(Raw_Data!E:E,A2) -> 335 | C2: =COUNTIFS( Raw_Data!E:E,A2, Raw_Data!R:R,1 ) -> 58 | D2: =C2/B2 -> 0.17313433 | E2: =AVERAGEIFS( Raw_Data!V:V, Raw_Data!E:E,A2, Raw_Data!R:R,1 ) -> 23.137931 | F2: =IF(D2>=18%,"High Performer",IF(D2>=17%,"Good","Needs Improvement")) -> Good
A3: Rahul M | B3: =COUNTIF(Raw_Data!E:E,A3) -> 281 | C3: =COUNTIFS( Raw_Data!E:E,A3, Raw_Data!R:R,1 ) -> 48 | D3: =C3/B3 -> 0.17081851 | E3: =AVERAGEIFS( Raw_Data!V:V, Raw_Data!E:E,A3, Raw_Data!R:R,1 ) -> 23.791667 | F3: =IF(D3>=18%,"High Performer",IF(D3>=17%,"Good","Needs Improvement")) -> Good
A4: Anita K | B4: =COUNTIF(Raw_Data!E:E,A4) -> 302 | C4: =COUNTIFS( Raw_Data!E:E,A4, Raw_Data!R:R,1 ) -> 51 | D4: =C4/B4 -> 0.16887417 | E4: =AVERAGEIFS( Raw_Data!V:V, Raw_Data!E:E,A4, Raw_Data!R:R,1 ) -> 23.215686 | F4: =IF(D4>=18%,"High Performer",IF(D4>=17%,"Good","Needs Improvement")) -> Needs Improvement
A5: Deepak R | B5: =COUNTIF(Raw_Data!E:E,A5) -> 252 | C5: =COUNTIFS( Raw_Data!E:E,A5, Raw_Data!R:R,1 ) -> 42 | D5: =C5/B5 -> 0.16666667 | E5: =AVERAGEIFS( Raw_Data!V:V, Raw_Data!E:E,A5, Raw_Data!R:R,1 ) -> 23.690476 | F5: =IF(D5>=18%,"High Performer",IF(D5>=17%,"Good","Needs Improvement")) -> Needs Improvement
A6: Sneha T | B6: =COUNTIF(Raw_Data!E:E,A6) -> 330 | C6: =COUNTIFS( Raw_Data!E:E,A6, Raw_Data!R:R,1 ) -> 61 | D6: =C6/B6 -> 0.18484848 | E6: =AVERAGEIFS( Raw_Data!V:V, Raw_Data!E:E,A6, Raw_Data!R:R,1 ) -> 23.065574 | F6: =IF(D6>=18%,"High Performer",IF(D6>=17%,"Good","Needs Improvement")) -> High Performer
A9: Key Insight:
A10: Sneha T achieved the highest hire rate at 18.5%.
A12: Deepak R recorded the lowest hire rate at 16.7%.
A14: Difference between top and bottom recruiter is only 1.8 percentage points,
A15: Indicating consistent recruiter performance.

Sheet KPI_Dashboard
A1: HR Recruitment KPI Dashboard
L20: Column1 | M20: Column2
L21: KPI | M21: Value
L22: Applications | M22: 1500
L23: Hires | M23: 260
L24: Hire Rate | M24: 0.173
L25: Fastest Dept | M25: HR
L26: Slowest Dept | M26: Engineering
L27: Best Recruiter | M27: Sneha T
